keyword,search_volume,keyword_difficulty,cpc,competition,monthly_searches_avg
the voice,246000,45,6.73,0,256541
voice recorder,135000,72,1.43,0.48,126666
voice changer,110000,63,1.4,0.22,114625
ai voice generator,90500,65,3.1,0.3,86875
voicemod voice changer,49500,38,1.1,0.01,53541
the voice judges,49500,17,0.34,0.02,51383
voice behind actors,40500,30,,0,41383
voice actors behind,40500,8,,0,41383
obx voice,33100,0,12.63,0,30216
voice google,33100,72,8.46,0,35566
voice memos,27100,72,1.29,0.24,27375
fry voice,27100,22,0.64,0,25875
lopez voice assistant,27100,14,,0,23501
who won the voice,27100,4,,0,28025
online voice recorder,22200,51,1.27,0.02,23308
voice to text,22200,67,3.29,0.4,20150
voice translator,22200,54,2.76,0.42,22200
voice actor,22200,44,7.24,0.05,23833
spongebob squarepants voice acting,22200,12,,0,22900
the voice tonight,18100,22,7.62,0,17088
rfk jr voice,18100,18,,0,18591
voice acting jobs,18100,19,1.67,0.37,19600
the voice us,18100,43,5.65,0.01,17891
dispatch voice actor,18100,0,,0,17785
archer's voice,14800,0,0.35,0.13,15841
optimus prime voice,14800,8,2.01,0,15291
voice over,14800,53,7.04,0.26,15675
voice carries,14800,0,,0,14908
google docs voice typing,14800,20,4.78,0.12,14183
clownfish voice changer,14800,12,1.66,0.03,14541
voice message,14800,56,3.12,0.02,14175
voice carry,14800,30,,0,14908
voice changer for discord,14800,21,1.82,0.23,14291
voice recording to transcript,14800,36,4.85,0.05,13466
voice typing,12100,75,2.66,0.2,11325
free voice changer,12100,46,1.45,0.21,12858
voice acting classes,12100,4,3.75,0.15,13083
voice memos on iphone,12100,14,1.51,0.25,12775
active voice,12100,52,0.07,0.01,13600
ai voice generator free,12100,55,2.82,0.41,12675
voice over jobs,9900,29,1.68,0.4,9241
plankton voice,9900,13,,0,10350
olaf character voice,9900,8,,0,9116
the voice finale,9900,7,,0,10386
voice for olaf,9900,14,,0,9116
olaf voice frozen,9900,13,,0,9116
google translate voice,9900,68,2.84,0.1,11300
ghostface voice changer,9900,0,0.27,0.7,10500
voice warm up exercises,9900,7,2.21,0.01,9541
ai voice changer,9900,73,3.14,0.24,10150
olaf voice,9900,15,,0,9116
olaf's voice,9900,17,,0,9116
voice generator,9900,64,2.94,0.23,9300
frozen olaf voice,9900,10,,0,9116
voice winner,9900,6,0.05,0.03,9616
patrick's voice,8100,18,,0,8108
marge voice,8100,19,,0,8366
tawog voice actors,8100,30,,0,7500
voice judges,8100,10,0.48,0.02,8058
when is the voice on,8100,23,0.35,0.05,7760
the voice coaches,8100,15,0.48,0.03,7616
ai vocal remover,8100,58,1.58,0.09,8000
google voice search,8100,61,1.52,0.01,7425
voice coaches,8100,16,5.07,0.18,7183
how to change siri voice,8100,5,0.01,0,7958
ai voice over,8100,62,5.73,0.53,7650
voice chat,8100,53,4.24,0.03,7225
voice acting,8100,44,2.21,0.22,8733
voice lessons,8100,19,4.39,0.35,8758
voice notes,8100,52,3.9,0.27,7475
how to become a voice actor,8100,1,2.56,0.31,8700
the voice cast,8100,21,15.46,0,7658
voice winnie the pooh,6600,9,,0,6550
robot voice generator,6600,16,2.87,0.03,6450
winnie pooh voice,6600,13,,0,6550
when does the voice start,6600,14,0.21,0.05,7415
the voice auditions,6600,20,4.31,0.01,7108
winnie the pooh voice,6600,14,,0,6550
free audio transcription,6600,51,5.61,0.73,7175
voice ultron,6600,4,,0,7383
golden voice company,6600,21,2.75,0,6416
ai voice text to speech,6600,55,3.61,0.37,6050
ultron voice,6600,0,,0,7383
goku voice acting,6600,8,,0,6925
voice cloning,6600,42,4.25,0.43,6725
mcdonald's voice,6600,4,,0,6616
pooh voice,6600,14,,0,6550
ultron's voice,6600,2,,0,7383
pooh bear voice,6600,16,,0,6550
azula avatar voice,6600,15,,0,6258
voice changer app,6600,61,1.65,0.36,7000
voice acting auditions,6600,35,1.68,0.43,6125
a silent voice character,6600,9,,0,6925
voice remover,6600,58,0.9,0.05,6300
voice memo app,6600,72,1.98,0.35,6891
elevenlabs ai voice,5400,28,2.12,0.19,5208
voice rick and morty,5400,35,,0,5650
voice recorder online,5400,51,1.16,0.06,5900
rick and morty's voice,5400,16,,0,5650
ai voice cloning,5400,28,4.79,0.44,5916
nezha voice actor,5400,13,,0,4825
voice spinner,5400,15,8.88,0,5200
how to make your voice deeper,5400,0,0.14,0.01,5333
what channel is the voice on,5400,49,2.2,0.01,5106
when does the voice come on,5400,17,0.4,0.04,5115
google assistant voice,5400,79,0.85,0.02,5708
shrek's voice,5400,11,,0,5150
voice lessons for beginners,5400,9,3.67,0.1,4966
record voice,5400,72,1.47,0.37,5266
what is active voice,5400,44,0.16,0.03,5650
voice ai platform,5400,78,10,0.03,5450
how to get a deeper voice,5400,0,0.98,0.02,4983
voice of oc,5400,66,0.53,0.02,5358
charismatic voice,5400,16,,0,5700
shrek voice,5400,10,,0,5150
voice shrek,5400,6,,0,5150
ai voiceover,4400,44,7.28,0.59,4783
megara voice,4400,9,,0,4425
voice search,4400,41,2.24,0.03,4900
bg voice,4400,14,,0,4166
squidward voice,4400,4,,0,4150
mcqueen voice,4400,2,,0,4175
voice activated recorder,4400,0,1.34,1,4666
voice changer online,4400,47,2.15,0.05,4433
siri voice,4400,41,1.87,0,4233
ai voice recorder,4400,11,4.21,1,4508
soprano voice definition,4400,8,,0,4166
cars mcqueen voice,4400,4,,0,4175
murf ai ai voice generator,4400,8,,0,4502
voice isolation,4400,39,1.13,0.04,4625
vocal remover free,4400,64,1.13,0.17,4816
windows voice recorder,4400,21,2.19,0.03,4191
elastigirl voice,4400,6,,0,3925
spongebob squidward voice,4400,10,,0,4150
voice to text google docs,4400,22,3.91,0.14,4058
voice of village,4400,19,,0,4583
voice lightning mcqueen,4400,1,,0,4175
lightning mcqueen voice,4400,6,,0,4175
voice bg,4400,55,,0,4166
village voice,4400,24,,0,4583
the voice of sauron,4400,10,,0,4283
robot voice,4400,37,1.21,0.03,4216
voice of mcqueen in cars,4400,1,,0,4175
behind the voice,4400,9,,0,4200
lightning mcqueen voice cars,4400,3,,0,4175
voice acting coach,4400,15,4.61,0.08,4316
hidden voice recorder,4400,0,1.11,1,4366
how to get into voice acting,4400,2,2.37,0.33,4133
can i see your voice,4400,29,,0,4133
how to get voice back,4400,13,0.13,0.11,4008
who voice,3600,70,,0,3375
sonic the hedgehog voice,3600,18,,0,3541
voice modulator,3600,47,1.35,0.5,3741
how to change alexa voice,3600,8,0.02,0,3825
voice of scar,3600,22,,0,3383
voice breaking,3600,0,,0,3375
voice cast cars,3600,1,,0,3808
free voice recorder,3600,72,1.71,0.2,3625
breaking voice,3600,1,,0,3375
kermit frog voice,3600,12,,0,3908
silent voice characters,3600,7,,0,3300
cracked voice,3600,29,,0,3375
voice access software,3600,30,0.79,0,3250
voice to text android,3600,19,2.92,0.36,4083
voice cracks,3600,0,,0,3375
voice accessibility,3600,58,0.79,0,3250
free transcribe audio to text,3600,44,4.6,0.77,3625
scream voice changer,3600,0,0.3,0.85,3750
betor ancestor's voice,3600,0,0.1,0.36,3225
break in voice,3600,0,,0,3375
baritone voice range,3600,4,,0,3550
scar voice,3600,12,,0,3383
voice actors cars,3600,2,,0,3808
google voice extension,3600,29,,0,3635
lobby voice chat,3600,0,,0,3650
voice break,3600,0,,0,3375
kermit voice,3600,8,,0,3908
expert voice login,3600,7,0.04,0.15,3983
voice reverser,3600,5,0.58,0,3560
powerplex voice actor,3600,11,,0,3615
voice text,3600,67,1.39,0.27,3508
siri voice who,3600,21,,0,3441
inspector gadget voice,3600,17,,0,3258
crack voice,3600,0,,0,3375
scars voice,3600,2,,0,3383
voice assistant,3600,61,5.36,0.12,3675
deep voice,3600,0,0.89,0,3675
voice speed in air,3600,18,,0,3391
d i o voice actor,3600,16,,0,3441
voice crack,3600,4,,0,3375
ai audio generator,3600,71,4.65,0.59,3250
sonic voice,3600,12,,0,3541
voice actors in cars,3600,0,,0,3808
ai asmr,3600,4,3.22,0.01,3714
who is siri voice,3600,26,,0,3441
voicify ai,3600,23,2.93,0.53,3500
voice acting training,3600,8,3.08,0.04,3233
sonic hedgehog voice,3600,16,,0,3541
one small voice,2900,0,,0,2607
narrator voice,2900,27,2.86,0.12,2908
south park characters voices,27100,0,,0,28150
youtube transcript generator,27100,38,1.52,0.11,24966
transcribe audio to text,22200,33,5.01,0.69,22808
vocaloid characters,18100,0,,0,17000
google text to speech,18100,66,2.27,0.19,18141
google speaker,14800,41,0.39,0.86,16083
mic test online,14800,42,17.18,0,15400
text to speech app,12100,37,3.72,0.19,12216
online tone generator,12100,43,,0,11541
singing lessons online,8100,20,7.22,0.39,7525
voicemod download,8100,17,2.19,0.03,8233
speech recognition software,6600,53,6.19,0.05,6108
google cloud text-to-speech,5400,33,8.46,0.08,5733
speech sound development chart,4400,0,2.02,0.02,4733
google cloud speech-to-text,4400,30,10.67,0.09,4333
text to speech google,4400,66,1.35,0.06,4350
google assistant microphone,4400,41,,0,4208
singing app,3600,47,3.05,0.22,3733
google live transcribe,3600,33,4.34,0.43,3400
rio characters voices,3600,9,,0,3458
sonic characters voices,3600,7,,0,3541
reverse phone lookup,1000000,63,1.67,0.32,941000
phone number lookup,823000,57,2.1,0.43,773000
prepaid phone service providers,450000,61,13.25,0.08,435716
truecaller reverse phone lookup,301000,37,1.95,0,273883
prepaid wireless services,246000,59,22.37,0.05,267900
who called me from this phone number,201000,41,1,0.21,185500
prepaid phone plans,201000,51,22.12,0.22,200416
t mobile phone plans,201000,27,2.7,0.53,212500
phone number,201000,44,5.92,0.04,192000
free government phone,165000,64,3.03,0.73,162500
t mobile cell phone plans,165000,46,3.28,0.17,165108
free phone number lookup,165000,31,1.61,0.48,180000
us phone book,165000,6,2.57,0,177000
affordable cell phone plans,135000,44,21.53,0.03,130591
google phone number lookup free,135000,48,1.18,0.22,129750
spectrum phone number,135000,27,6.68,0.44,137500
progressive phone number,135000,56,28.92,0.05,132916
free cell 24 7,110000,55,,0,108375
713 phone code,110000,0,,0,111375
free phone,110000,23,4.67,1,120416
phone number lookup free,110000,57,1.83,0.46,103750
708 phone code,110000,0,,0,101875
908 phone code,110000,0,,0,107208
reverse phone lookup services,90500,57,2.35,0.03,91058
414 phone code,90500,0,,0,90750
phone fix service,90500,42,1.94,0.05,98750
484 phone code,90500,0,6.26,0,83625
405 phone code,90500,0,,0,99333
phone lookup,90500,61,1.93,0.33,82250
fix phone service,90500,41,1.94,0.05,98750
online fax services,90500,56,15.35,0.14,81541
reverse phone lookup free,90500,64,1.33,0.36,90750
verizon phone plans,90500,55,5.3,0.41,94791
phone fixing services,90500,41,1.94,0.05,98750
phone fixing service,90500,41,1.94,0.05,98750
318 phone code,74000,0,3.11,0,70625
608 phone code,74000,0,,0,78125
reverse phone number lookup,74000,64,1.84,0.39,79500
270 phone code,74000,0,,0,67250
815 phone area code,74000,0,,0,76750
253 phone code,74000,0,,0,73625
cheap phone plans,74000,42,22.39,1,69083
phone area code 928,74000,0,2.95,0,79333
419 phone area code,74000,0,0.65,0,74750
free reverse phone lookup,74000,65,1.28,0.36,77250
t mobile phone number,74000,63,2.13,0.02,80875
864 phone area code,74000,0,,0,72875
verizon phone number,74000,61,1.15,0.12,71083
413 phone area code,60500,0,0.01,0,65416
free phone service,60500,55,7.44,0.5,63833
856 phone area code,60500,0,,0,65000
verizon phone directory online,60500,29,1.36,0.06,58027
verizon phone book directory,60500,14,1.36,0.06,58027
no contract phone plans,60500,63,16.73,0.42,66408
att phone plans,60500,63,5.4,0.75,56458
907 phone code,60500,0,,0,55683
prepaid cell phone plans,60500,53,19.43,0.21,55600
cell phone stores,49500,68,4.09,0.27,48891
lookup phone number,49500,50,2.34,0.51,46500
802 phone code,49500,0,,0,50208
435 phone code,49500,0,,0,51666
phone code 705,49500,0,,0,47866
call blocking apps,49500,53,2.57,0.08,49250
t mobile phone deals,49500,53,2.14,0.98,48691
phone code 63,49500,2,,0,46550
verizon phone deals,49500,37,3.14,0.68,52341
united states country code phone,49500,17,0.01,0,50750
low cost cell phone plans,49500,42,18,0.07,47416
phone number search,49500,51,2.15,0.53,52250
701 phone code,49500,0,,0,50916
nyc phone codes,40500,0,,0,40016
mobile phone plans,40500,68,18.12,0.78,38283
prank hotline,40500,30,,0,37758
phone sex,40500,27,5.67,0.5,39883
phone code in new york,40500,8,,0,40016
on call,40500,27,2.41,0,42875
phone code for new york city,40500,0,,0,40016
phone plans,40500,65,24.03,1,42133
att cell phone plans,40500,35,4.05,0.73,44875
first call,40500,30,3.25,0.01,41966
reverse number lookup free,33100,57,1.55,0.38,33483
google phone number free,33100,55,3.09,0.16,36733
phone call,33100,47,6.6,0.07,32216
discover phone number,33100,53,5.41,0,34566
call spectrum,33100,17,7.42,0.47,32100
call center,33100,37,33.1,0.17,33716
cheap cell phone plans,33100,49,18.47,1,31816
phone code 226,33100,0,,0,36233
national do not call list,33100,48,3.15,0.02,31908
optimum phone number,33100,51,5.56,0.5,33450
chime phone number,33100,30,8.41,0,35566
voip phone,33100,15,29.99,0.55,33333
lifeline free phone,33100,52,2.66,0.52,33991
triple a phone number,33100,26,4.81,0.12,31600
assurance wireless phone number,27100,4,1.49,0.17,27966
scariest numbers to call,27100,0,,0,28850
phone link,27100,52,0.78,0.01,25558
spectrum phone number pay bill,27100,58,4.28,0.05,25216
free cell phone number lookup,27100,57,1.44,0.32,27491
free phone number,27100,33,2.98,0.46,29191
los angeles area phone code,27100,1,,0,29191
call qr code,27100,8,1.61,0,28666
random phone numbers,27100,10,4.56,0,26966
272 phone code,27100,0,,0,25466
houston area phone code,27100,0,,0,26875
free cell phone number lookup with name no charge,27100,24,1.21,0.23,24691
call blocker app android,27100,70,2.68,0.01,26258
free iphone government phone,27100,34,2.48,0.78,26500
cell phone plans with unlimited data,27100,48,17.22,0.32,28066
iphone call screening,27100,12,0.43,0.01,28958
texas phone area codes,27100,0,,0,25875
adt phone customer service,27100,27,,0,26508
international phone plans,27100,41,5.28,0.17,26716
pay by phone,27100,18,2.36,0.28,26283
447 phone area code,22200,0,,0,21275
international phone code 52,22200,18,,0,21516
prank call numbers,22200,9,1.29,0,21441
phone number 07,22200,7,,0,22741
prepaid phone service,22200,65,26.31,0.29,21750
sfo cell phone lot,22200,2,0.45,0.05,24308
att cell phone,22200,62,1.94,0.93,23325
country phone code 52,22200,14,,0,21516
call verizon,22200,61,1.14,0.11,22833
free number lookup,22200,56,1.83,0.51,22200
call verizon customer service,22200,36,0.34,0.07,23966
google voice phone number,22200,59,11.03,0.07,21875
assurance wireless free phone,22200,19,2.38,0.2,20300
506 phone code,22200,0,,0,22783
voip phone service,22200,59,55.69,0.46,23441
virtual phone number,22200,42,24.7,0.27,23500
phone country code 52,22200,22,,0,21516
07 phone number,22200,0,,0,22741
call app,22200,63,5.3,0.25,20150
phone deals,22200,65,10.31,1,20283
verizon phone support,22200,61,0.87,0.07,23333
call att customer service,22200,27,1.4,0.39,21241
best cell phone plans,22200,57,10.03,1,23400
call forwarding iphone,22200,0,7.58,0,20966
call att,22200,34,1.74,0.43,23016
cheap cell phone service,22200,55,21.99,1,22650
phone code 447,22200,0,,0,21275
07 phone numbers,22200,13,,0,22741
international calling code 52,22200,13,,0,21516
cell phone plans,22200,59,16.15,0.95,23466
call voicemail,22200,22,3.35,0,21508
airtalk wireless free phone,18100,25,2.31,0.55,16566
verizon wireless phone number,18100,46,3.8,0.05,18641
dallas texas phone area code,18100,0,,0,19466
86 phone number country code,18100,0,,0,18508
google voice free phone number,18100,55,4.71,0.01,18300
atlanta ga phone code,18100,0,,0,18508
whitepages reverse phone lookup,18100,26,1.96,0.04,19391
906 phone area code,18100,0,,0,18783
reverse lookup phone number,18100,64,1.43,0.42,18233
mobile notary services,18100,0,3.88,0.07,16775
phone code 86,18100,1,,0,18508
418 phone code,18100,0,,0,17250
best cell phone deals,18100,55,10.43,1,16991
mint mobile phone plans,18100,36,3.65,0.07,18100
free phone government,18100,65,3.33,0.74,17391
online phone book,18100,36,1.55,0.14,16933
free phones government,18100,65,3.33,0.74,17391
free reverse phone lookup with name,18100,41,1.2,0.23,18916
country calling code 86,18100,0,,0,18508
call is waiting,18100,0,,0,17966
international phone code 86,18100,0,,0,18508
86 country code phone,18100,2,,0,18508
visible phone plan,18100,15,8.32,0.29,18600
phone country code 86,18100,1,,0,18508
target phone number,18100,66,1.3,0.01,16100
prepaid cell phone companies,18100,43,14.3,0.03,17258
1 on 1 video call free,18100,49,1.21,0.11,18783
affirm phone number,18100,47,3.78,0,18441
dallas phone area code,18100,0,,0,19466
call forwarding,18100,25,12.97,0.05,18783
verizon phone service,18100,52,5.63,0.18,19691
att home phone service,18100,11,3.51,0.07,18400
86 phone code,18100,2,,0,18508
iphone call blocking apps,18100,69,1.23,0.05,16291
phone number lookup white pages,18100,37,1.96,0.05,16916
atlanta area phone code,18100,1,,0,18508
country phone code 86,18100,15,,0,18508
verizon free phone,14800,24,2.66,0.95,15591
aaa roadside assistance phone,14800,45,6.45,0.33,14433
beenverified reverse phone lookup,14800,41,6.75,0.05,13080
check phone number owner,14800,64,1.96,0.3,14383
free carrier lookup,14800,41,3.54,0.03,14850
free reverse phone number lookup,14800,44,1.23,0.43,14608
spectrum phone plans,14800,31,3.72,0.68,14266
receive sms online,14800,65,2.76,0.05,14983
find phone number,14800,51,2.46,0.49,16291
free 5g government phones,14800,34,2.35,0.62,16175
country calling code 61,14800,3,,0,14350
91 country code phone,14800,3,,0,15500
free calling app,14800,58,3.16,0.46,13600
91 phone country code,14800,2,,0,15500
boost mobile phone number,14800,4,3.31,0.03,13900
free trial phone service,14800,28,11.72,0.72,13675
free chat line,14800,35,2.45,0.43,15125
landline phone service,14800,42,6.85,0.9,16000
google voice,1500000,70,5.23,0.01,1720000
google voice number,90500,63,5.43,0.09,94000
google.com google voice,22200,74,8.62,0.02,21508
voice mail,18100,46,1.49,0.02,17133
t-mobile customer service open now,18100,30,3.87,0.05,18000
t-mobile plans,450000,28,1.87,0.25,461833
t mobile plans,450000,55,1.87,0.25,461833
t mobile prepaid plans,110000,6,4.5,0.24,110133
mcdonald's number,90500,46,0.16,0.03,81875
text message rcs,74000,72,4.23,0.1,69550
att prepaid plans,60500,63,7.71,0.49,64941
non-emergency number,60500,7,12.56,0,60708
non emergency number,60500,6,12.56,0,60708
verizon prepaid plans,49500,38,5.88,0.49,50333
t mobile number,40500,41,2.91,0.02,44250
t mobile unlimited plans,40500,48,4.08,0.04,38925
telephone number,33100,32,3.9,0.03,35566
text message rcs meaning,33100,24,0.21,0.03,36308
911 non-emergency number,27100,7,20.03,0,26283
imei number,27100,43,3.36,0.02,28191
t mobile postpaid plans,27100,46,3.21,0,24900
us mobile plans,27100,1,8.65,0.56,25716
att number,27100,50,1.63,0.39,25875
rcs text message,22200,65,3.18,0.09,22325
verizon number,22200,62,1.55,0.04,23650
international roaming plans,22200,54,3.87,0.15,24025
telephone number 07,22200,21,,0,22741
straight talk number,18100,6,3.67,0.11,17550
boost mobile plans,18100,33,3.32,0.92,18916
character ai,4090000,64,0.02,0.1,4483333
ai mode,1830000,80,1.32,0.02,1859066
poly ai,1220000,65,4.89,0.01,1211916
humanize ai,1000000,64,1.99,0.18,979000
google ai studio,673000,69,0.6,0.07,652250
ai humanizer,673000,65,2.23,0.21,667333
polybuzz ai,550000,18,5.96,0.01,505083
magicschool ai,368000,26,0.05,0.16,359916
question ai,301000,59,1.46,0.08,326958
ask ai,301000,48,0.56,0.37,279750
undressing ai,201000,57,5.13,0,218333
conversational ai,201000,40,15.33,0,191941
spicy ai,165000,15,2.2,0.01,175750
ai assistant,165000,53,6.2,0.05,173800
ai girlfriend,135000,56,1.61,0.02,138333
face swap ai,110000,41,2.37,0.01,103041
viggle ai,110000,53,1.94,0.05,102583
what is ai,110000,66,3.14,0.17,115958
ai clothing remover,110000,21,2.45,0,107208
scale ai,90500,55,5.15,0.04,84250
undetected ai,90500,56,1.04,0.34,91916
ai art generator,90500,78,1.8,0.4,82583
ai image editor,90500,50,1.64,0.28,99833
deepseek ai,90500,73,2.76,0.1,92625
pixverse ai,90500,35,0.4,0.29,84916
free ai video generator,74000,32,2.73,0.62,72625
anthropic ai,74000,46,4.29,0.19,65983
ai music generator,74000,75,2.93,0.49,73208
ai humanizer free,74000,51,2.36,0.38,78725
midjourney ai,60500,36,3.21,0.53,65000
ai homework helper,60500,57,1.77,0.02,56850
generative ai,60500,75,9.04,0.19,56000
google cloud ai,60500,65,12.41,0.07,68916
ai humanizer tool,60500,67,3.44,0.13,56800
ai agents,60500,68,17.28,0.47,56258
ai overview,60500,56,1.45,0.04,64233
ai news today,49500,67,3.82,0.1,45766
lovable ai,49500,17,2.26,0.6,45816
dopple ai,49500,0,38.95,0,53716
duck ai,49500,44,3.51,0.01,48650
ai video generator free,49500,34,2.41,0.57,52150
grubby ai,49500,8,2.96,0.18,49950
ai bubble,49500,13,3.13,0.01,53508
ai apps,49500,76,4.16,0.5,45600
ai tools,40500,39,5.46,0.42,37550
ai pictures,40500,76,2,0.33,42533
ai character,40500,69,0.29,0.08,41200
ai image detector,40500,29,0.18,0.08,40808
magic ai,40500,70,0.1,0.11,41458
talk ai,40500,70,3.73,0.21,42433
ai tester,40500,79,1.41,0.2,41458
originality ai,40500,74,0.66,0.13,39183
answer ai,40500,78,2.76,0.25,41741
runway ai,40500,29,3.71,0.6,42266
google workspace ai,40500,52,4.16,0,39140
apple ai,40500,65,2.04,0.05,36616
unlucid ai,33100,0,3.09,0.01,33350
open evidence ai,33100,21,1.01,0.4,32341
best ai detector,33100,45,2.42,0.29,31516
who invented ai,33100,42,2.12,0.01,30383
shield ai,33100,47,2.25,0.03,34733
ai upscaler,33100,53,2.54,0.12,31600
flow ai,33100,39,1.28,0.38,31716
magic light ai,33100,18,3.88,0.03,35150
ai website builder,33100,51,28.45,0.46,35416
ai detection tool,33100,79,2.77,0.34,34050
human ai,33100,66,1.84,0.19,35233
best ai image generator,33100,64,3.72,0.65,36183
openart ai,33100,28,1.08,0.48,35483
ai resume builder,33100,54,10.55,0.63,35933
homework ai,27100,55,1.42,0.14,27258
ai answer,27100,36,2.3,0.31,29891
free ai humanizer,27100,64,2.59,0.53,26900
human or ai,27100,23,13.84,0,24925
google ai image generator,27100,80,1.54,0.47,27675
what is agentic ai,27100,55,8.67,0.48,25900
playground ai,27100,55,2.68,0.26,26350
beacons ai,27100,41,0.69,0.21,28808
fireflies ai,27100,55,1.85,0.42,29191
ai helper,27100,58,2.54,0.26,26825
beta character ai,27100,21,0.02,0.06,28041
image ai,27100,80,2.4,0.44,27991
harvey ai,27100,29,8.42,0.41,26533
notion ai,27100,49,7.99,0.21,27375
ai headshot generator,27100,48,7.87,0.64,26358
best ai,27100,17,5.29,0.47,26675
ai to human,27100,66,2.03,0.15,29358
ai photo enhancer,22200,63,2.48,0.45,22266
ai models,22200,23,6.89,0.15,23675
ai image upscaler,22200,53,2.44,0.13,22608
ai image enhancer,22200,62,1.97,0.22,22608
ai song maker,22200,68,2.01,0.46,23758
galaxy ai,22200,67,1.16,0.29,21508
coding ai,22200,59,14.14,0.51,22808
old character ai,22200,2,0.02,0.04,21391
ai actress,22200,16,1.53,0,21801
humanize ai free,22200,64,2.16,0.43,23941
generative ai models,22200,41,9.1,0.09,22275
when was ai invented,22200,42,1.03,0,21141
ai companies,22200,42,9.41,0.42,20216
genspark ai,22200,34,8.26,0.33,20000
best ai video generator,22200,40,6.08,0.7,21166
adobe firefly ai picture generator,22200,67,2.68,0,24429
what is generative ai,22200,75,5.8,0.17,21241
beautiful ai,22200,23,4,0.56,22008
video ai,18100,69,3.47,0.58,17683
motion ai,18100,60,2.44,0.47,18475
how does ai work,18100,38,3.11,0.17,17066
ai jobs,18100,36,5.15,0.3,19466
character ai reddit,18100,5,,0,17183
ai data centers,18100,33,17.29,0.25,20150
open ai api,18100,79,7.86,0.14,19875
seamless ai,18100,31,10.93,0.62,17116
what does ai stand for,18100,70,2.35,0.02,20283
ai-powered learning platform,18100,54,26.69,0,19746
ai powered learning platform,18100,69,26.69,0,19746
best ai apps,18100,15,4.16,0.57,17825
ai picture editor,18100,48,2.17,0.58,18750
ai generated video,18100,72,3.51,0.51,17566
ai background remover,18100,55,1.36,0.13,16375
study ai,18100,21,1.73,0.39,16975
legal ai,18100,72,21.13,0.58,17408
conversational ai apps,18100,56,5.13,0,18513
free ai girlfriend,18100,39,1.06,0.02,18325
ai content creation,18100,37,12.27,0.19,15691
conversational ai app,18100,53,5.13,0,18513
ai coding assistant,18100,56,16.11,0.03,17941
ai powered homework help,14800,48,,0,15175
dippy ai,14800,0,1.28,0.02,15358
ai engineer,14800,38,9.91,0.41,16225
ai courses,14800,46,12.26,0.69,13491
how to make ai videos,14800,64,3.04,0.66,13200
free ai photo editor,14800,48,2.05,0.44,15041
midjourney ai art generator,14800,44,3.06,0.01,15241
eternal ai,14800,0,4.3,0.01,13179
builder ai,14800,43,20.91,0.29,13825
deepsearch ai,14800,34,2.21,0.55,13808
ai companion,14800,65,2.38,0.43,15883
ai drawing,14800,64,2.44,0.25,16300
lightchain ai,14800,27,5.37,0,15216
cluely ai,14800,8,8.09,0.18,13608
generative ai platforms,14800,45,14.16,0.01,15736
ai games,14800,27,3.89,0.04,13491
ai powered homework helper,14800,47,,0,15175
how to use ai,14800,22,3.09,0.55,15725
ai girlfriend generator,14800,18,1.61,0.01,14266
ai platforms,14800,65,8.62,0.18,15566
ai in education,14800,49,4.82,0.21,14633
ai powered coding assistants,14800,46,,0,15310
unblocked ai,14800,75,3.54,0.04,15966
stealth ai,14800,35,1.99,0.07,15008
girlfriend ai,12100,66,1.3,0.04,11541
ai video generation,12100,69,4.24,0.25,12383
ai-powered video editing tools,12100,44,,0,11230
ai prompts,12100,35,2.97,0.23,12275
ai question answer,12100,27,2.06,0.45,10925
ai for coding,12100,56,11.43,0.62,11900
conversational ai models,12100,47,1.82,0.05,14190
ai kissing generator,12100,14,,0,12483
flipped ai,12100,16,2.73,0,11975
ai headshots,12100,67,7.57,0.74,11775
best ai for coding,12100,18,13.29,0.62,10816
photo editor ai,12100,44,2.27,0.22,11916
generate ai images,12100,65,1.98,0.56,12408
ai video generation tools,12100,63,5.58,0.06,11505
dream ai,12100,76,2.57,0.05,11191
free ai headshot generator,12100,30,4.24,0.76,11958
pictory ai,12100,22,2.69,0.58,11858
types of ai,12100,33,5.58,0.08,12908
personal ai assistant,12100,42,6.06,0.37,14025
friend ai,12100,46,2.99,0.2,11183
ai clothes changer,12100,10,1.95,0,11825
best ai humanizer,12100,1,4.4,0.61,10833
what is an ai agent,12100,64,8.46,0.41,11616
ai artificial intelligence,12100,79,2.9,0.03,13000
ai resume builder free,12100,78,10.81,0.77,11591
agentic ai definition,12100,55,5.72,0.49,12425
resume ai,12100,55,7.36,0.75,11683
ai art generator free,12100,76,2.4,0.48,11275
summarize ai,12100,48,2.36,0.28,13108
ask ai a question,12100,39,0.92,0.55,13200
learn ai,12100,65,9.58,0.62,13675
ai presentation maker,12100,73,6.9,0.61,12591
solvely ai,12100,37,0.78,0.3,11575
free ai art generator,12100,76,1.87,0.44,12266
ai icon,12100,4,6.74,0.01,12183
homework helper ai,12100,55,1.55,0.03,11150
ai-powered research assistant,9900,68,7.22,0,9109
image to image ai,9900,71,1.69,0.16,10241
ai video generation platforms,9900,67,6.83,0,10514
amazon ai,9900,67,6.23,0.18,9400
browse ai,9900,21,3.52,0.28,10825
ai engineer jobs,9900,9,4.35,0.07,9116
poppy ai,9900,12,0.4,0.26,9208
best ai stocks to buy now,9900,0,2.77,0.63,10083
ai video creation software,9900,72,9.46,0.42,9477
creative ai platforms,9900,44,5.43,0.39,11296
ai training,9900,38,11.36,0.68,10116
deepfake ai,9900,45,3.59,0.01,9316
music ai,9900,66,2.39,0.51,10033
vocaloid software,12100,3,4.68,0.01,12408
how to sing,9900,11,2.79,0.07,11016
how to mongolian throat sing,4400,9,4.58,0,4575
how to find your vocal range,3600,5,2.87,0.04,3666
